{"AT0000999982": [0.9779981374740601, 0.9772655367851257, 0.9768244028091431, 0.9764158129692078, 0.976062536239624, 0.9757711887359619, 0.9755392670631409, 0.9753610491752625, 0.9752287864685059, 0.9751346111297607], "AT0000743059": [0.9978287220001221, 0.9972652196884155, 0.9968795776367188, 0.9965225458145142, 0.9962189793586731, 0.9959737658500671, 0.995782732963562, 0.9956375360488892, 0.9955294132232666, 0.9954499006271362], "AT0000937503": [0.9859510660171509, 0.9853169322013855, 0.9848374128341675, 0.9843721389770508, 0.9839528203010559, 0.9835885763168335, 0.9832783937454224, 0.9830169677734375, 0.9827979803085327, 0.9826151728630066], "AT0000652011": [0.9887855052947998, 0.9883152842521667, 0.9879260659217834, 0.9875245690345764, 0.9871412515640259, 0.9867917895317078, 0.9864825010299683, 0.9862154126167297, 0.9859892725944519, 0.985801100730896], "AT0000746409": [0.9818171858787537, 0.9811835885047913, 0.9807276725769043, 0.9802846312522888, 0.9798850417137146, 0.9795403480529785, 0.9792516827583313, 0.9790152907371521, 0.9788248538970947, 0.9786735773086548], "AT0000922554": [0.9984167218208313, 0.9975040555000305, 0.9967724084854126, 0.9960420727729797, 0.9953709840774536, 0.9947832226753235, 0.99428391456604, 0.9938682317733765, 0.9935272932052612, 0.9932504296302795], "AT00000VIE62": [0.9775059819221497, 0.9775884747505188, 0.9776164293289185, 0.9776440858840942, 0.9776681065559387, 0.977683424949646, 0.9776878952980042, 0.977680504322052, 0.9776622653007507, 0.977635383605957], "AT0000741053": [0.9855578541755676, 0.9847250580787659, 0.9842414259910583, 0.9838113784790039, 0.983452320098877, 0.9831637740135193, 0.9829380512237549, 0.9827648997306824, 0.9826347827911377, 0.9825389385223389], "AT0000785555": [0.967767596244812, 0.9675655364990234, 0.9672651290893555, 0.9669210910797119, 0.9665703773498535, 0.9662336111068726, 0.9659236073493958, 0.9656460881233215, 0.9654038548469543, 0.9651963710784912], "AT0000831706": [0.9767822623252869, 0.9758896231651306, 0.9753203988075256, 0.9748008847236633, 0.9743590354919434, 0.9739981889724731, 0.9737109541893005, 0.9734864234924316, 0.97331303358078, 0.9731804728507996], "AT0000644505": [0.9868244528770447, 0.9858769774436951, 0.985262393951416, 0.9846991300582886, 0.9842187762260437, 0.9838272929191589, 0.983518660068512, 0.9832818508148193, 0.9831055998802185, 0.9829785823822021], "AT0000758305": [0.9574862122535706, 0.956174373626709, 0.9554104208946228, 0.9547185897827148, 0.9541285037994385, 0.9536429047584534, 0.9532524943351746, 0.9529440999031067, 0.9527036547660828, 0.9525184631347656], "AT0000938204": [0.9859390258789062, 0.9852584600448608, 0.9847819805145264, 0.9843332767486572, 0.9839406609535217, 0.9836118221282959, 0.9833442568778992, 0.9831313490867615, 0.9829654693603516, 0.9828384518623352], "AT0000908504": [0.9903476238250732, 0.9894745349884033, 0.9889285564422607, 0.9884256720542908, 0.987991988658905, 0.9876312017440796, 0.9873374104499817, 0.9871008992195129, 0.9869111776351929, 0.98675936460495], "AT0000A21KS2": [0.9789254665374756, 0.9782735705375671, 0.977785050868988, 0.9772899150848389, 0.9768239855766296, 0.976405680179596, 0.9760417342185974, 0.9757329821586609, 0.9754763245582581, 0.9752669334411621], "AT0000641352": [0.9645984172821045, 0.9639482498168945, 0.9634758234024048, 0.9630139470100403, 0.962594747543335, 0.9622310996055603, 0.9619249701499939, 0.9616734981536865, 0.9614714980125427, 0.9613121747970581], "AT0000821103": [0.9824374914169312, 0.9820677042007446, 0.981705367565155, 0.9813297390937805, 0.9809725880622864, 0.9806479215621948, 0.9803617596626282, 0.9801149368286133, 0.9799062609672546, 0.9797333478927612]}