{"AT0000999982": [0.9693576693534851, 0.9677870273590088, 0.9668993353843689, 0.9661290645599365, 0.96551114320755, 0.965043842792511, 0.9647102355957031, 0.9644873738288879, 0.9643518924713135, 0.9642833471298218], "AT0000743059": [0.9957675933837891, 0.9941086173057556, 0.9929402470588684, 0.9918549060821533, 0.9909282922744751, 0.9901782274246216, 0.9895951747894287, 0.9891579747200012, 0.9888426661491394, 0.9886254668235779], "AT0000937503": [0.9658459424972534, 0.9645991921424866, 0.9638665318489075, 0.9632270336151123, 0.9627089500427246, 0.9623096585273743, 0.9620147347450256, 0.9618061780929565, 0.9616667032241821, 0.961581289768219], "AT0000652011": [0.9785609841346741, 0.9769327044487, 0.9758182168006897, 0.9747828245162964, 0.973894476890564, 0.9731690287590027, 0.9725973606109619, 0.9721603393554688, 0.9718352556228638, 0.9716014266014099], "AT0000746409": [0.9763684272766113, 0.9747586250305176, 0.9737004637718201, 0.9727542996406555, 0.9719752073287964, 0.9713656902313232, 0.9709067940711975, 0.9705724716186523, 0.9703368544578552, 0.9701777696609497], "AT0000922554": [0.9935654997825623, 0.9924442172050476, 0.9915540218353271, 0.9906991124153137, 0.9899465441703796, 0.9893165826797485, 0.9888069033622742, 0.9884055256843567, 0.9880967736244202, 0.9878653883934021], "AT00000VIE62": [0.9696041345596313, 0.9683195352554321, 0.9674748182296753, 0.9667008519172668, 0.9660447239875793, 0.9655146598815918, 0.965100884437561, 0.9647873640060425, 0.9645566940307617, 0.9643925428390503], "AT0000741053": [0.9983252286911011, 0.9965855479240417, 0.9953573346138, 0.9942028522491455, 0.9932050108909607, 0.9923869371414185, 0.9917421340942383, 0.9912509322166443, 0.990888774394989, 0.9906313419342041], "AT0000785555": [0.9608682990074158, 0.9594951868057251, 0.9585146903991699, 0.9575850963592529, 0.95677649974823, 0.9561120271682739, 0.9555896520614624, 0.9551959037780762, 0.9549115300178528, 0.9547167420387268], "AT0000831706": [0.9836636185646057, 0.9827665090560913, 0.9821519255638123, 0.9815940260887146, 0.981132984161377, 0.9807765483856201, 0.9805166125297546, 0.9803398251533508, 0.9802307486534119, 0.9801749587059021], "AT0000644505": [0.9865054488182068, 0.9852046966552734, 0.9843421578407288, 0.9835443496704102, 0.9828628897666931, 0.9823105335235596, 0.9818803071975708, 0.98155677318573, 0.9813224673271179, 0.9811596274375916], "AT0000758305": [0.9789959788322449, 0.977387011051178, 0.9761947989463806, 0.9750438928604126, 0.9740181565284729, 0.9731457829475403, 0.9724273681640625, 0.9718496203422546, 0.9713948965072632, 0.9710437059402466], "AT0000938204": [0.9774109721183777, 0.9759719371795654, 0.9749409556388855, 0.97395920753479, 0.9730978608131409, 0.9723784923553467, 0.9717994928359985, 0.9713469743728638, 0.9710022211074829, 0.9707475304603577], "AT0000908504": [0.986810564994812, 0.9858371019363403, 0.9852434992790222, 0.9847187399864197, 0.9842919111251831, 0.9839645028114319, 0.9837267994880676, 0.9835642576217651, 0.9834620952606201, 0.9834071397781372], "AT0000A21KS2": [0.9880800247192383, 0.9874224662780762, 0.9869711995124817, 0.9865633845329285, 0.9862279891967773, 0.9859696626663208, 0.9857823252677917, 0.9856557846069336, 0.9855790138244629, 0.9855420589447021], "AT0000641352": [0.9787660837173462, 0.9773880839347839, 0.9764737486839294, 0.9756365418434143, 0.9749280214309692, 0.9743570685386658, 0.9739133715629578, 0.973579466342926, 0.9733361601829529, 0.9731655716896057], "AT0000821103": [0.9837686419487, 0.9822988510131836, 0.9812434315681458, 0.9802377820014954, 0.9793548583984375, 0.9786180853843689, 0.978025496006012, 0.9775636196136475, 0.9772137403488159, 0.976957380771637]}