{"AT0000999982": [1.00262394, 1.00446034, 0.99447282, 0.98875194, 1.00119429, 1.00179407, 1.00475339, 0.99412508, 1.01390465, 0.99783662], "AT0000743059": [0.99570136, 1.01499659, 1.0, 1.00828296, 1.00599467, 0.99845509, 1.00464191, 0.98525853, 1.01049576, 0.99933702], "AT0000937503": [1.00361272, 1.00215983, 0.99568966, 0.96969697, 0.99925595, 1.01042442, 0.9889462, 0.98584203, 1.02191988, 0.99704142], "AT0000652011": [1.00728819, 1.00783841, 0.99431648, 0.97412756, 0.99073502, 1.00342893, 1.0111836, 1.00430108, 1.01682472, 0.99037304], "AT0000746409": [0.99664879, 0.99529254, 0.99527027, 1.01154107, 1.01006711, 1.00066445, 1.00996016, 0.99934254, 1.04671053, 1.01571339], "AT0000922554": [1.0096463, 0.98726115, 0.99677419, 1.00647249, 1.0096463, 0.98089172, 0.99350649, 0.99673203, 1.01639344, 1.00645161], "AT00000VIE62": [0.99892704, 1.0, 1.00644468, 0.99466382, 1.00643777, 0.98720682, 1.00323974, 0.99354144, 1.0, 1.02816901], "AT0000741053": [1.0, 1.00218341, 1.00217865, 1.0, 1.00217391, 1.00867679, 1.00430108, 1.00214133, 1.01282051, 1.02531646], "AT0000785555": [1.01126126, 1.02449889, 0.99565217, 0.97816594, 1.00669643, 0.89578714, 0.97425743, 0.97662602, 1.02497399, 0.96954315], "AT0000831706": [1.00236593, 0.9866247, 0.98724083, 0.99192246, 0.99592834, 1.00163532, 1.00081633, 0.99184339, 1.00493421, 1.01145663], "AT0000644505": [0.99885189, 0.98505747, 0.98366394, 0.97508897, 0.98905109, 1.01599016, 0.98789346, 1.0, 1.02696078, 0.92601432], "AT0000758305": [1.01221996, 0.98189135, 1.0, 0.98565574, 0.995842, 1.00208768, 1.0, 0.99791667, 1.00417537, 0.997921], "AT0000938204": [1.01376147, 0.98039216, 0.99846154, 1.0046225, 1.0, 0.99079755, 1.00619195, 0.98769231, 0.99844237, 1.01404056], "AT0000908504": [0.99203187, 1.01004016, 1.00795229, 0.99802761, 1.00197628, 1.01183432, 1.00974659, 0.996139, 0.99418605, 1.00584795], "AT0000A21KS2": [1.00790068, 1.00111982, 1.0, 0.99888143, 0.99776036, 1.00561167, 1.00223214, 1.00445434, 1.01441242, 0.99453552], "AT0000641352": [1.00164204, 1.00163934, 0.99672668, 1.0, 1.0, 1.0, 0.99671593, 1.00164745, 1.00657895, 0.99509804], "AT0000821103": [0.99599466, 1.00402145, 1.00400534, 0.99601064, 1.00133511, 1.00666667, 1.00264901, 1.00264201, 0.99472991, 0.99602649]}