{"AT0000999982": [1.00077751, 0.99584484, 1.00344032, 1.006959, 1.00016138, 1.00330936, 1.00433591, 1.00821994, 0.99191871, 0.99990895], "AT0000743059": [1.00250684, 0.88974767, 0.99923352, 1.01661979, 0.99396378, 0.98785425, 1.00742828, 0.99771167, 0.99872579, 1.02296504], "AT0000937503": [1.01320132, 1.00846906, 1.0381137, 1.01306783, 0.9963145, 1.01602959, 0.98786408, 1.03316953, 0.97800238, 1.00121581], "AT0000652011": [0.99364676, 1.01790281, 0.99371859, 1.00031606, 0.9943128, 0.99872895, 1.01177219, 1.01100629, 0.9881804, 1.00377715], "AT0000746409": [1.02204262, 0.98562185, 1.01021152, 1.00866426, 1.02362205, 1.01468531, 1.02274294, 1.01280323, 0.98669328, 0.98516521], "AT0000922554": [1.0, 0.97256098, 1.0031348, 0.9875, 1.00632911, 1.0, 0.99056604, 1.01269841, 0.96238245, 1.00977199], "AT00000VIE62": [0.99557522, 0.99888889, 1.00111235, 0.99777778, 1.00668151, 0.99225664, 0.99777035, 1.02793296, 0.99673913, 1.01090513], "AT0000741053": [0.99521531, 0.99519231, 0.99033816, 1.00731707, 1.0, 1.01210654, 1.00239234, 1.00238663, 0.99047619, 0.99759615], "AT0000785555": [0.97685185, 0.99052133, 0.99043062, 1.01932367, 1.00473934, 1.02122642, 1.02078522, 1.00678733, 1.0, 1.01573034], "AT0000831706": [1.00292826, 1.0, 1.00583942, 1.01596517, 0.99928571, 1.00857756, 1.00496102, 1.01198872, 0.99372822, 0.99088359], "AT0000644505": [1.0157066, 1.01374531, 0.98983128, 0.99486243, 0.98967377, 1.03825924, 1.01842566, 0.98684248, 1.00166686, 0.91846942], "AT0000758305": [1.01032702, 0.98126065, 0.99305556, 1.01223776, 0.98791019, 1.01923077, 1.01200686, 1.00677966, 0.99158249, 0.97962649], "AT0000938204": [0.97025496, 1.00583942, 1.00725689, 0.98847262, 0.9941691, 1.0058651, 0.99708455, 1.01900585, 1.01004304, 0.99431818], "AT0000908504": [0.98973306, 0.99585062, 0.98958333, 1.00421053, 1.00628931, 1.00625, 0.99378882, 1.00625, 0.99585921, 1.00623701], "AT0000A21KS2": [0.99753695, 1.01234568, 1.0097561, 1.00241546, 1.00481928, 1.00479616, 0.9797136, 1.00852619, 1.00241546, 0.99036145], "AT0000641352": [0.99811321, 0.99810964, 1.00378788, 0.99622642, 0.99621212, 0.99239544, 0.99425287, 1.00192678, 1.01346154, 0.99051233], "AT0000821103": [0.99507389, 0.99876238, 0.99876084, 0.99255583, 1.0, 1.005, 0.99626866, 0.99750312, 0.93867334, 0.996]}