{"N_TRADES": 2, "N_TRADES_WIN": 1, "N_TRADES_LOSS": 1, "WIN_RATE": 0.5, "TOTAL_VOLUME": 5000.08, "TOTAL_GROSS_PROFIT": 370.48, "TOTAL_NET_PROFIT": 368.48, "TOTAL_FEES": 2.0, "AVG_VOLUME": 2500.04, "AVG_PROFIT": 184.24, "STD_PROFIT": 303.7165046552459, "MAX_WIN": 399.0, "MAX_LOSS": -30.52, "AVG_WIN": 399.0, "AVG_LOSS": -30.52, "SQN": 0.5441912173429682}